,rs_lag_1,rs_lag_2,rs_lag_3,rs_lag_5,rs_lag_7,rs_lag_14,rs_roll_mean_7,rs_roll_std_7,rs_roll_mean_14,rs_roll_std_14,rs_roll_mean_30,rs_roll_std_30,rs_change_1,rs_change_3,rs_change_7,rs_dev_7,rs_dev_14,rs_dev_30,intensity_lag_60,intensity_lag_90,intensity_lag_1,intensity_lag_3,intensity_lag_7,fatalities_lag_1,fatalities_lag_3,fatalities_lag_7,severity_7d_lag1,events_30d_lag1,fatality_mom_lag1,crisis_lag1,oil_lag_1,oil_lag_3,oil_lag_7,oil_ret_1,oil_ret_7,is_monday,month,embedding_pca_1,embedding_pca_2,embedding_pca_3,embedding_pca_4,embedding_pca_5,embedding_pca_6,embedding_pca_7,embedding_pca_8,embedding_pca_9,embedding_pca_10
rs_lag_1,0.03336168,0.0,0.002921957,0.0,0.0021694703,0.0,0.0,0.011440594,0.0,0.0,0.0,0.0,0.0047233407,0.0,0.0,0.0,0.0,0.0070170993,0.0,0.0073271897,0.0,0.0,0.0031070835,0.0068130894,0.0020341468,0.0050283237,0.0031698209,0.0024234303,0.0049248715,0.0050623454,0.0,0.0,0.0,0.0,0.0061151423,0.0,0.008941186,0.0,0.0032712566,0.0,0.0,0.0,0.0,0.0,0.0,0.0,0.0067816447
rs_lag_2,0.0,0.11938557,0.008748937,0.003921606,0.0008450991,0.0,0.0041428967,0.002856915,0.0,0.004075612,0.0,0.0,0.0,0.012325501,0.0,0.0036805978,0.001492518,0.0,0.0021909757,0.0016405174,0.0,0.0,0.007394931,0.0,0.0,0.0018811992,0.0,0.008717433,0.004989139,0.0,0.0,0.0,0.001516929,0.0035079494,0.0066515417,0.007909612,0.010231452,0.0,0.0044672685,0.0012320285,0.002587745,0.0,0.0036592826,0.002021867,0.0027184952,0.0023654692,0.005266002
rs_lag_3,0.002921957,0.008748937,0.069755934,0.0065574795,0.0,0.0,0.005072316,0.0,0.0,0.0029953974,0.0,0.009467665,0.0050747152,0.0,0.0,0.010021368,0.0066176243,0.0023500663,0.0013452504,0.0,0.0,0.0,0.0026343325,0.0,0.005632609,0.01750421,0.0,0.0,0.0,0.0,0.0,0.0,0.0,0.007155288,0.0036109341,0.0,0.0029887194,0.0,0.0052367793,0.0057556294,0.0,0.0,0.0021714475,0.0052486532,0.0,0.007852466,0.00229388
rs_lag_5,0.0,0.0039216075,0.0065574795,0.060774904,0.0,0.0,0.0032076938,0.0048760306,0.0,0.010433307,0.0,0.01274297,0.0042241765,0.0042127473,0.0,0.005008809,0.006003512,0.0,0.0010781364,0.003008242,0.0,0.0041278447,0.0,0.0027717894,0.008553231,0.0,0.013349585,0.0,0.0,0.0,0.0,0.006519799,0.012382649,0.0027995417,0.012358313,0.0,0.0,0.001010999,0.0,0.007068996,0.0,0.0,0.0015113722,0.0,0.007248528,0.0044679283,0.007917935
rs_lag_7,0.0021694696,0.0008450992,0.0,0.0,0.08404503,0.0,0.0,0.0045837793,0.0,0.0032647392,0.0,0.009129744,0.005296284,0.005568837,0.0,0.0,0.0016102092,0.0,0.0,0.0045234654,0.0,0.0,0.0017690929,0.001160492,0.006161379,0.0,0.006942776,0.0,0.0023122907,0.0,0.0034978455,0.0,0.0043412386,0.00043146627,0.0017187818,0.0,0.0,0.0028870364,0.0,0.0,0.0054386444,0.0,0.004127805,0.0007995649,0.0039605983,0.008895917,0.005108278
rs_lag_14,0.0,0.0,0.0,0.0,0.0,0.06631098,0.0,0.0,0.0032453444,0.0017907948,0.0,0.0,0.009128618,0.014910703,0.0044209408,0.0,0.0,0.0,0.002285941,0.0051842798,0.0,0.0,0.010037972,0.0066939727,0.0036289918,0.0048199124,0.0,0.0,0.0,0.0,0.0012376112,0.0,0.0032625867,0.007433844,0.0071074073,0.0,0.0,0.004223804,0.0,0.004957592,0.0017810934,0.0,0.0016295861,0.0023863467,0.0,0.0,0.011492902
rs_roll_mean_7,0.0,0.004142897,0.0050723166,0.0032076938,0.0,0.0,0.047296382,0.0021105732,0.017048256,0.0,0.0140190665,0.0,0.0,0.0,0.0031530496,0.0,0.0,0.0,0.0,0.0,0.0,0.0023144127,0.0009821932,0.0,0.008527459,0.005345932,0.0040599345,0.0041693626,0.003130971,0.0,0.0,0.0,0.0,0.0,0.0,0.0,0.0,0.000699424,0.0,0.0036283103,0.0,0.0,0.0032728268,0.0048820367,0.008162042,0.00621382,0.0043562036
rs_roll_std_7,0.011440594,0.002856915,0.0,0.004876031,0.004583777,0.0,0.0021105746,0.12416354,0.0,0.0075364118,0.0,0.0030467557,0.0,0.0,0.0037034291,0.0,0.0,0.002178041,0.0055787335,0.005348116,0.0046606497,0.0010909337,0.0,0.0069414373,0.006969513,0.013676953,0.0,0.0,0.0,0.0,0.002187708,0.0,0.0,0.010645223,0.009437923,0.0,0.005388294,0.0053913877,0.010203465,0.0016626397,0.0048611294,0.0074691065,0.012502538,0.0,0.010904376,0.007061852,0.021754451
rs_roll_mean_14,0.0,0.0,0.0,0.0,0.0,0.0032453435,0.017048256,0.0,0.023652384,0.0,0.006588746,0.007861411,0.0,0.0,0.0,0.0,0.0,0.0,0.0,0.0,0.0,0.0,0.0,0.0,0.0032210136,0.0,0.0,0.0,0.0,0.005818485,0.0,0.0,0.011305559,0.0,0.0,0.0,0.0,0.0,0.0,0.0024247342,0.0013212184,0.0,0.0,0.0,0.0,0.010654662,0.0
rs_roll_std_14,0.0,0.004075612,0.0029953974,0.010433304,0.0032647422,0.001790794,0.0,0.007536411,0.0,0.211536,0.0027504028,0.0017781669,0.0030255758,0.0,0.0058300006,0.005091293,0.007134097,0.0,0.0,0.0035662851,0.004413451,0.003493281,0.0055761407,0.0,0.007957098,0.0,0.0,0.0,0.0,0.0,0.0,0.0,0.015835691,0.010465111,0.0019376309,0.0048167603,0.0025394142,0.020077147,0.001983282,0.01602406,0.005905917,0.0071875923,0.0,0.0027257872,0.006842224,0.0046843938,0.011350633
rs_roll_mean_30,0.0,0.0,0.0,0.0,0.0,0.0,0.0140190665,0.0,0.0065887463,0.0027504012,0.034572203,0.0038798125,0.0025577792,0.005502429,0.0,0.0023396022,0.0,0.0,0.0,0.0,0.0010579503,0.0,0.0,0.0,0.0,0.0,0.0,0.0,0.0,0.0032924907,0.0,0.0,0.0,0.010650859,0.0,0.0,0.0,0.0,0.0,0.0019143984,0.0037356988,0.0,0.0,0.00430782,0.0,0.0010997801,0.0
rs_roll_std_30,0.0,0.0,0.009467661,0.012742971,0.009129743,0.0,0.0,0.0030467561,0.007861408,0.0017781666,0.0038798111,0.13042532,0.006135033,0.010612749,0.004357891,0.0,0.0,0.0,0.005302776,0.0,0.004034942,0.0,0.0,0.0,0.0,0.00400723,0.0,0.0,0.0,0.007134744,0.0,0.0048614247,0.002931551,0.0,0.005130188,0.0,0.012975063,0.0,0.0,0.009546838,0.0,0.013309678,0.0015913878,0.018917814,0.0048839743,0.0015180059,0.0
rs_change_1,0.0047233384,0.0,0.005074712,0.004224176,0.0052962815,0.009128615,0.0,0.0,0.0,0.0030255746,0.0025577804,0.0061350376,0.18309432,0.0,0.0023511595,0.0,0.00879936,0.0027036888,0.00057487073,0.008868631,0.0,0.0,0.004815748,0.009268418,0.004491378,0.012228208,0.001514702,0.0014991459,0.004727166,0.0043393006,0.006532724,0.0075762444,0.0,0.005655901,0.0,0.0,0.012121503,0.0035856725,0.0,0.0020804224,0.008927835,0.008450019,0.0036817833,0.0051314477,0.001917747,0.0017261131,0.0050973147
rs_change_3,0.0,0.012325498,0.0,0.004212746,0.005568834,0.014910695,0.0,0.0,0.0,0.0,0.0055024307,0.010612748,0.0,0.15116194,0.00818117,0.0,0.0,0.0,0.0,0.009967325,0.0015150744,0.0,0.00864141,0.0,0.0014905995,0.00789581,0.0,0.0008206395,0.0,0.0,0.0,0.008285805,0.0017606559,0.0037950608,0.0,0.0017896169,0.0062961723,0.0,0.0029749952,0.0051032226,0.0,0.0104316715,0.0009191641,0.0059283976,0.0,0.0052585066,0.0025934738
rs_change_7,0.0,0.0,0.0,0.0,0.0,0.00442094,0.0031530496,0.003703425,0.0,0.0058300006,0.0,0.004357891,0.0023511588,0.008181171,0.10356355,0.0012436645,0.0021518914,0.002149001,0.0,0.0020047913,0.0,0.0,0.0,0.00986206,0.0,0.0076141153,0.0033458075,0.0,0.0043684784,0.003561536,0.0,0.0066412236,0.0009945366,0.009402122,0.008453218,0.0,0.0071033183,0.004223525,0.0,0.00675397,0.011683337,0.011757264,0.004028304,0.0,0.008363446,0.0037441954,0.010115247
rs_dev_7,0.0,0.0036805978,0.01002137,0.0050088144,0.0,0.0,0.0,0.0,0.0,0.00509129,0.0023396013,0.0,0.0,0.0,0.001243665,0.14766732,0.005189181,0.009187476,0.0030066075,0.00557236,0.00093046995,0.0,0.0029805193,0.0017646023,0.0064272205,0.009693628,0.0,0.0028417038,0.0,0.0,0.0,0.0,0.0,0.015272771,0.00468061,0.0051346873,0.0,0.0,0.0036585,0.00618755,0.0,0.011793652,0.0,0.009982279,0.0,0.0038409075,0.014486936
rs_dev_14,0.0,0.0014925185,0.006617626,0.006003511,0.0016102084,0.0,0.0,0.0,0.0,0.0071340976,0.0,0.0,0.008799356,0.0,0.0021518914,0.005189182,0.05847459,0.006734937,0.005591661,0.004568372,0.001967598,0.0,0.0011946991,0.011156783,0.0,0.0,0.0,0.0,0.0,0.009803531,0.0051173395,0.0,0.007971918,0.0048570097,0.01083119,0.008203338,0.0054889997,0.0,0.0011623963,0.0063092383,0.005501658,0.0029550341,0.0,0.0073132487,0.008076371,0.007097186,0.0036878276
rs_dev_30,0.0070170993,0.0,0.002350067,0.0,0.0,0.0,0.0,0.0021780413,0.0,0.0,0.0,0.0,0.002703689,0.0,0.0021490003,0.009187479,0.0067349356,0.035923515,0.009297521,0.0013286738,0.0,0.0,0.0,0.0,0.0,0.0,0.0,0.0027592524,0.00879639,0.0,0.0,0.0,0.0044866577,0.013216861,0.007998984,0.009892345,0.006418426,0.0021151903,0.0,0.0,0.0,0.004612092,0.0,0.005265443,0.005704822,0.0,0.0
intensity_lag_60,0.0,0.002190976,0.0013452506,0.0010781361,0.0,0.0022859413,0.0,0.005578736,0.0,0.0,0.0,0.0053027757,0.0005748702,0.0,0.0,0.0030066082,0.005591661,0.009297519,0.069166034,0.0,0.0,0.0,0.00523213,0.0,0.0,0.0040303404,0.0,0.0,0.0074599297,0.0,0.0,0.004024114,0.003683943,0.0039617787,0.003934493,0.0,0.009740041,0.0052112364,0.0052909832,0.0,0.017210044,0.0,0.00559259,0.0073489696,0.0026502102,0.0,0.0071758092
intensity_lag_90,0.00732719,0.0016405174,0.0,0.0030082425,0.0045234654,0.0051842798,0.0,0.0053481166,0.0,0.0035662854,0.0,0.0,0.008868632,0.009967322,0.0020047906,0.0055723595,0.0045683724,0.0013286738,0.0,0.060853716,0.0,0.0,0.004565241,0.0,0.0,0.0068274955,0.0,0.0,0.005350865,0.0,0.0041046925,0.0,0.0021873086,0.008639428,0.012865592,0.0,0.0,0.00795373,0.0021677893,0.0031256115,0.007200011,0.0,0.0,0.0,0.006611174,0.006353095,0.008648865
intensity_lag_1,0.0,0.0,0.0,0.0,0.0,0.0,0.0,0.0046606534,0.0,0.004413449,0.0010579502,0.004034942,0.0,0.0015150735,0.0,0.0009304698,0.0019675985,0.0,0.0,0.0,0.04655852,0.0058692857,0.012684402,0.0075357202,0.0,0.0,0.0,0.0,0.0,0.0012172397,0.0,0.0,0.0,0.0,0.0,0.0,0.0,0.0,0.0,0.0007703948,0.0073452257,0.0018387643,0.0,0.0,0.0,0.00658758,0.0
intensity_lag_3,0.0,0.0,0.0,0.0041278433,0.0,0.0,0.002314412,0.001090934,0.0,0.0034932815,0.0,0.0,0.0,0.0,0.0,0.0,0.0,0.0,0.0,0.0,0.0058692857,0.023624146,0.0,0.0,0.0,0.0038698476,0.0,0.0,0.0,0.0,0.0,0.0,0.0,0.0,0.0016382587,0.0,0.0,0.0023933942,0.0,0.0,0.0028144396,0.0,0.0,0.0,0.004449634,0.0047821472,0.0053011267
intensity_lag_7,0.0031070835,0.0073949303,0.0026343327,0.0,0.001769093,0.010037971,0.0009821914,0.0,0.0,0.0055761416,0.0,0.0,0.0048157484,0.008641406,0.0,0.0029805196,0.001194699,0.0,0.0052321344,0.0045652427,0.012684404,0.0,0.10933362,0.016369144,0.0026893404,0.006800185,0.0,0.0,0.0033422627,0.0037310137,0.0,0.002215304,0.0,0.0,0.0,0.004063566,0.0016834277,0.0,0.0,0.0,0.0,0.0,0.0,0.0017384444,0.012497237,0.0,0.0039508697
fatalities_lag_1,0.0068130884,0.0,0.0,0.0027717887,0.0011604938,0.0066939737,0.0,0.0069414373,0.0,0.0,0.0,0.0,0.009268421,0.0,0.009862062,0.0017646014,0.011156785,0.0,0.0,0.0,0.0075357175,0.0,0.016369147,0.19959857,0.0,0.0025181859,0.0,0.0,0.009149043,0.0071483194,0.0,0.0,0.0,0.009164372,0.0,0.008309419,0.0020822575,0.0,0.00719483,0.011575949,0.0,0.0,0.0,0.004073661,0.0017619771,0.007231797,0.0073197926
fatalities_lag_3,0.0020341468,0.0,0.0056326096,0.008553233,0.0061613787,0.0036289925,0.008527455,0.0069695134,0.0032210134,0.0079571,0.0,0.0,0.00449138,0.0014906004,0.0,0.0064272205,0.0,0.0,0.0,0.0,0.0,0.0,0.0026893402,0.0,0.06791766,0.0065671466,0.0,0.0,0.0,0.0,0.001713999,0.005032003,0.0,0.005122691,0.0,0.0,0.0032299838,0.0029492944,0.0,0.0020852264,0.0051763356,0.0,0.0022438806,0.0017844471,0.0032268905,0.0,0.0062189694
fatalities_lag_7,0.0050283237,0.0018812007,0.017504213,0.0,0.0,0.004819912,0.0053459276,0.013676951,0.0,0.0,0.0,0.0040072305,0.0122282095,0.00789581,0.0076141153,0.009693625,0.0,0.0,0.0040303413,0.0068274965,0.0,0.00386985,0.0068001873,0.0025181873,0.006567146,0.19126056,0.0,0.0070164967,0.005854317,0.0,0.010317973,0.002079726,0.0074138497,0.007881616,0.0,0.0059511852,0.006689868,0.008751885,0.0,0.0,0.021038868,0.025463104,0.012313941,0.004015345,0.0,0.004911457,0.0058879233
severity_7d_lag1,0.0031698206,0.0,0.0,0.013349585,0.006942776,0.0,0.0040599345,0.0,0.0,0.0,0.0,0.0,0.0015146999,0.0,0.0033458043,0.0,0.0,0.0,0.0,0.0,0.0,0.0,0.0,0.0,0.0,0.0,0.029048553,0.0060532074,0.002305314,0.0,0.004608798,0.0032667806,0.0,0.003847716,0.0017683681,0.0,0.0,0.0,0.0,0.0,0.004339152,0.007811904,0.0037647581,0.0,0.0,0.0024346656,0.0
events_30d_lag1,0.0024234303,0.008717432,0.0,0.0,0.0,0.0,0.0041693635,0.0,0.0,0.0,0.0,0.0,0.0014991453,0.00082063896,0.0,0.0028417045,0.0,0.0027592527,0.0,0.0,0.0,0.0,0.0,0.0,0.0,0.007016499,0.006053209,0.044528864,0.0019111148,0.0,0.0011599193,0.0025028072,0.0,0.02704914,0.0,0.0,0.0,0.0027919675,0.0,0.0,0.0026025365,0.0031457348,0.0,0.003079063,0.0,0.006934842,0.0
fatality_mom_lag1,0.0049248724,0.004989138,0.0,0.0,0.0023122889,0.0,0.0031309705,0.0,0.0,0.0,0.0,0.0,0.0047271643,0.0,0.0043684784,0.0,0.0,0.00879639,0.0074599264,0.0053508645,0.0,0.0,0.0033422625,0.009149043,0.0,0.0058543165,0.0023053142,0.0019111149,0.041706506,0.0058761616,0.0,0.0,0.002209075,0.015449107,0.0075794864,0.0,0.011573549,0.0,0.0032306113,0.0018999492,0.010006326,0.005776848,0.0,0.0,0.0035139204,0.0038763655,0.0
crisis_lag1,0.0050623454,0.0,0.0,0.0,0.0,0.0,0.0,0.0,0.0058184857,0.0,0.0032924896,0.0071347426,0.0043393,0.0,0.003561535,0.0,0.009803532,0.0,0.0,0.0,0.0012172395,0.0,0.0037310154,0.0071483175,0.0,0.0,0.0,0.0,0.0058761616,0.08003881,0.0,0.0,0.0,0.005692871,0.0,0.0,0.0064279903,0.0,0.007066259,0.00948535,0.0,0.0029025197,0.0,0.0,0.0078110774,0.0,0.0
oil_lag_1,0.0,0.0,0.0,0.0,0.003497845,0.0012376108,0.0,0.002187707,0.0,0.0,0.0,0.0,0.006532725,0.0,0.0,0.0,0.00511734,0.0,0.0,0.0041046916,0.0,0.0,0.0,0.0,0.001713999,0.010317973,0.004608798,0.001159919,0.0,0.0,0.07539362,0.008240755,0.0,0.0048597455,0.0020951414,0.0,0.0,0.0,0.002359877,0.0,0.012592219,0.0070854463,0.0052852277,0.0,0.0,0.0033871166,0.0
oil_lag_3,0.0,0.0,0.0,0.0065198,0.0,0.0,0.0,0.0,0.0,0.0,0.0,0.0048614275,0.007576246,0.008285804,0.006641224,0.0,0.0,0.0,0.0040241154,0.0,0.0,0.0,0.0022153012,0.0,0.005032003,0.0020797257,0.0032667797,0.0025028072,0.0,0.0,0.008240757,0.05342615,0.0049099326,0.0065194196,0.0023571036,0.0,0.0,0.0,0.006842291,0.0,0.010083824,0.0,0.0017163387,0.0063995547,0.009171008,0.002784792,0.0047095027
oil_lag_7,0.0,0.0015169281,0.0,0.012382649,0.004341239,0.003262586,0.0,0.0,0.011305555,0.015835693,0.0,0.002931552,0.0,0.0017606559,0.0009945356,0.0,0.007971918,0.0044866563,0.0036839442,0.002187309,0.0,0.0,0.0,0.0,0.0,0.0074138516,0.0,0.0,0.0022090746,0.0,0.0,0.0049099326,0.12590887,0.016771795,0.0028134321,0.0,0.003529723,0.0056927367,0.0033523578,0.0039763097,0.0052477107,0.0032723607,0.003515849,0.0012614906,0.009459539,0.0072549325,0.0
oil_ret_1,0.0,0.003507946,0.007155288,0.0027995408,0.00043147014,0.0074338405,0.0,0.010645219,0.0,0.010465107,0.010650857,0.0,0.005655902,0.003795061,0.009402119,0.015272762,0.0048570116,0.013216858,0.0039617787,0.0086394325,0.0,0.0,0.0,0.009164374,0.0051226914,0.007881614,0.003847715,0.02704914,0.015449108,0.005692872,0.004859744,0.006519422,0.016771805,0.35060555,0.0,0.0,0.021931417,0.010332788,0.011129342,0.0,0.006289031,0.005210272,0.0022464627,0.0,0.0053192033,0.0019689274,0.008031393
oil_ret_7,0.006115141,0.0066515403,0.003610931,0.012358313,0.0017187819,0.007107407,0.0,0.009437923,0.0,0.0019376299,0.0,0.005130188,0.0,0.0,0.008453215,0.004680608,0.010831187,0.007998985,0.003934493,0.012865589,0.0,0.0016382594,0.0,0.0,0.0,0.0,0.0017683681,0.0,0.0075794864,0.0,0.0020951426,0.0023571034,0.0028134314,0.0,0.07783244,0.0,0.010350495,0.0,0.0028321743,0.0018786805,0.005540595,0.005827341,0.013088251,0.0,0.023042358,0.0,0.0032541084
is_monday,0.0,0.007909612,0.0,0.0,0.0,0.0,0.0,0.0,0.0,0.0048167617,0.0,0.0,0.0,0.0017896165,0.0,0.0051346854,0.008203338,0.009892344,0.0,0.0,0.0,0.0,0.004063567,0.0083094165,0.0,0.0059511866,0.0,0.0,0.0,0.0,0.0,0.0,0.0,0.0,0.0,0.09528639,0.0050078346,0.0026722937,0.0,0.002270481,0.0,0.0023226906,0.0,0.0,0.0,0.0,0.0
month,0.008941187,0.010231457,0.0029887182,0.0,0.0,0.0,0.0,0.0053882934,0.0,0.0025394135,0.0,0.012975064,0.012121504,0.0062961713,0.007103316,0.0,0.0054889987,0.0064184265,0.009740041,0.0,0.0,0.0,0.0016834304,0.0020822564,0.003229983,0.0066898675,0.0,0.0,0.011573552,0.0064279903,0.0,0.0,0.0035297254,0.021931415,0.010350495,0.0050078337,0.15778619,0.002916947,0.012128255,0.0,0.008579005,0.0,0.004002548,0.0036388987,0.0048716883,0.0,0.0
embedding_pca_1,0.0,0.0,0.0,0.0010109986,0.0028870357,0.0042238045,0.0006994237,0.005391389,0.0,0.020077147,0.0,0.0,0.0035856736,0.0,0.004223524,0.0,0.0,0.0021151917,0.005211236,0.007953732,0.0,0.0023933938,0.0,0.0,0.0029492935,0.008751884,0.0,0.002791967,0.0,0.0,0.0,0.0,0.005692739,0.01033279,0.0,0.0026722946,0.0029169468,0.082076855,0.0036446115,0.0047001396,0.01972329,0.0,0.001830093,0.0,0.0048694955,0.006520052,0.0
embedding_pca_2,0.0032712554,0.0044672675,0.0052367807,0.0,0.0,0.0,0.0,0.010203463,0.0,0.001983282,0.0,0.0,0.0,0.0029749926,0.0,0.0036584986,0.0011623966,0.0,0.0052909837,0.0021677895,0.0,0.0,0.0,0.007194829,0.0,0.0,0.0,0.0,0.003230612,0.007066261,0.002359877,0.006842291,0.003352358,0.011129349,0.002832173,0.0,0.012128259,0.0036446115,0.0632044,0.0012543201,0.0026561471,0.015204536,0.007499123,0.0025487905,0.004259654,0.0015999207,0.010149378
embedding_pca_3,0.0,0.0012320299,0.005755631,0.0070689977,0.0,0.004957596,0.0036283105,0.001662639,0.0024247377,0.01602406,0.0019143991,0.009546834,0.0020804228,0.005103221,0.006753968,0.006187552,0.006309237,0.0,0.0,0.0031256126,0.00077039516,0.0,0.0,0.011575948,0.0020852264,0.0,0.0,0.0,0.0018999487,0.009485349,0.0,0.0,0.00397631,0.0,0.0018786794,0.002270481,0.0,0.004700141,0.0012543191,0.1144526,0.0026690692,0.0071741277,0.0,0.008564157,0.0040192623,0.0,0.013400119
embedding_pca_4,0.0,0.002587745,0.0,0.0,0.0054386454,0.0017810932,0.0,0.0048611294,0.0013212196,0.005905914,0.0037356985,0.0,0.008927833,0.0,0.011683334,0.0,0.005501659,0.0,0.017210042,0.0072000115,0.007345224,0.002814441,0.0,0.0,0.005176336,0.021038866,0.004339153,0.0026025358,0.010006324,0.0,0.012592222,0.010083827,0.0052477107,0.006289029,0.0055405963,0.0,0.008579,0.01972329,0.0026561471,0.0026690695,0.084019534,0.0062031504,0.00677988,0.0,0.0,0.016266216,0.0
embedding_pca_5,0.0,0.0,0.0,0.0,0.0,0.0,0.0,0.0074691046,0.0,0.007187593,0.0,0.013309679,0.008450017,0.010431669,0.01175726,0.011793652,0.002955033,0.00461209,0.0,0.0,0.0018387653,0.0,0.0,0.0,0.0,0.025463099,0.0078118993,0.0031457338,0.0057768486,0.0029025204,0.007085443,0.0,0.0032723611,0.00521027,0.005827341,0.0023226903,0.0,0.0,0.015204536,0.007174126,0.0062031536,0.15268439,0.0016301079,0.0033889953,0.014417662,0.0028576066,0.0
embedding_pca_6,0.0,0.0036592833,0.0021714484,0.0015113716,0.004127804,0.0016295857,0.0032728252,0.01250254,0.0,0.0,0.0,0.0015913881,0.0036817843,0.000919164,0.004028305,0.0,0.0,0.0,0.005592591,0.0,0.0,0.0,0.0,0.0,0.0022438804,0.012313943,0.003764758,0.0,0.0,0.0,0.0052852277,0.0017163384,0.0035158477,0.0022464623,0.013088249,0.0,0.0040025483,0.0018300924,0.007499124,0.0,0.0067798807,0.0016301079,0.092722684,0.0,0.0050960714,0.0021435053,0.003099719
embedding_pca_7,0.0,0.002021866,0.005248651,0.0,0.00079956435,0.002386345,0.004882038,0.0,0.0,0.002725786,0.0043078195,0.018917818,0.0051314505,0.0059283967,0.0,0.009982279,0.007313247,0.0052654427,0.007348971,0.0,0.0,0.0,0.0017384443,0.004073657,0.0017844475,0.004015346,0.0,0.003079063,0.0,0.0,0.0,0.006399554,0.0012614906,0.0,0.0,0.0,0.003638899,0.0,0.00254879,0.008564155,0.0,0.0033889997,0.0,0.07961786,0.00454038,0.010434543,0.0072669275
embedding_pca_8,0.0,0.0027184961,0.0,0.0072485274,0.0039605983,0.0,0.008162036,0.010904377,0.0,0.0068422263,0.0,0.0048839753,0.0019177452,0.0,0.008363443,0.0,0.008076372,0.005704823,0.002650211,0.006611175,0.0,0.0044496334,0.012497238,0.0017619772,0.0032268905,0.0,0.0,0.0,0.0035139201,0.0078110797,0.0,0.009171006,0.009459538,0.005319204,0.023042357,0.0,0.004871689,0.0048694964,0.004259653,0.0040192595,0.0,0.01441766,0.0050960723,0.0045403824,0.10306363,0.004147989,0.0050028684
embedding_pca_9,0.0,0.0023654692,0.007852466,0.0044679283,0.008895914,0.0,0.0062138205,0.0070618517,0.010654662,0.0046843975,0.0010997803,0.0015180069,0.0017261144,0.005258507,0.0037441966,0.003840907,0.007097186,0.0,0.0,0.006353097,0.0065875826,0.004782148,0.0,0.0072317957,0.0,0.0049114553,0.0024346658,0.006934842,0.0038763643,0.0,0.003387115,0.002784793,0.007254934,0.0019689268,0.0,0.0,0.0,0.0065200515,0.0015999211,0.0,0.016266214,0.0028576064,0.0021435053,0.010434535,0.004147989,0.13749823,0.005675489
embedding_pca_10,0.0067816447,0.0052660014,0.00229388,0.007917937,0.0051082755,0.011492901,0.004356203,0.021754453,0.0,0.011350632,0.0,0.0,0.005097315,0.002593475,0.010115248,0.014486934,0.003687827,0.0,0.00717581,0.008648864,0.0,0.0053011263,0.003950869,0.0073197926,0.006218968,0.005887924,0.0,0.0,0.0,0.0,0.0,0.004709504,0.0,0.008031395,0.003254106,0.0,0.0,0.0,0.010149381,0.013400119,0.0,0.0,0.0030997202,0.0072669266,0.0050028693,0.005675488,0.09426218
